,subCat0_ggh,subCat1_ggh,subCat2_ggh,subCat3_ggh,subCat4_ggh,subCat0_vbf,subCat1_vbf,subCat2_vbf,subCat3_vbf,subCat4_vbf
wgt_nominal,1.0,1.0,1.0,1.0,1.0,1.0,1.0,1.0,1.0,1.0
wgt_pu_wgt_down,1.0023072137378215,1.0027143842248356,1.001532779787802,1.004156979615681,1.0066886130449448,1.0013074929660315,1.000860385325678,1.0010300030343993,1.0034710610909277,1.0024720036151122
wgt_THU_VBF_Mjj1500_down,1.0,1.0,1.0,1.0,1.0,1.0000025517123714,0.9999978405711052,0.9999803813066652,0.9999516286070568,0.9998899841558752
wgt_THU_VBF_PTH25_up,1.0,1.0,1.0,1.0,1.0,0.9939835358542978,0.9956105468780444,0.9955244022278356,0.994360132290258,0.9948443387379567
wgt_THU_VBF_Mjj120_down,1.0,1.0,1.0,1.0,1.0,1.00077566064848,1.0017126849129043,1.001964847938159,1.0011081600608032,1.00089416222741
wgt_THU_VBF_Mjj1000_down,1.0,1.0,1.0,1.0,1.0,1.0000664901843663,1.0000334009709704,0.999995981142082,0.9999202413517808,0.999727836154332
wgt_THU_VBF_Mjj120_up,1.0,1.0,1.0,1.0,1.0,0.9992243393514924,0.998287315087078,0.9980351520618568,0.9988918399391764,0.9991058377725982
wgt_muIso_down,0.9922325184837228,0.9922113563411212,0.992231182121276,0.9921803465673412,0.9921975544783042,0.992148615408404,0.9920991763363416,0.9921814682593154,0.9921575211582534,0.9921694543417544
wgt_l1prefiring_down,1.0021113605749026,1.0020868334114543,1.0022773514456125,1.0035957117888068,1.005468860350227,1.0050324322483344,1.0036817619795504,1.003731448481934,1.0049327787945823,1.0074091638939486
wgt_THU_VBF_JET01_up,1.0,1.0,1.0,1.0,1.0,0.9981892872948946,0.995624187991014,0.9964111462308588,0.9975281549197922,0.9964978207608058
wgt_pu_wgt_up,0.9976655848049688,0.9970321948312312,0.9984046337693436,0.9955566733408712,0.9934324505960022,0.9987810537062602,0.9991909075726944,0.9989587251534724,0.996425866103887,0.997832650013975
wgt_THU_VBF_Mjj1500_up,1.0,1.0,1.0,1.0,1.0,0.9999974482876242,1.0000021594288842,1.0000196186933228,1.0000483713929262,1.000110015844121
wgt_THU_VBF_PTH25_down,1.0,1.0,1.0,1.0,1.0,1.0060164641456917,1.004389453121925,1.004475597772192,1.0056398677097025,1.00515566126205
wgt_muTrig_down,0.9999754533826404,0.999978335518256,0.9999804717591556,0.9999753118655932,0.9999758992928904,0.999963556511865,0.999963327696992,0.9999653672588066,0.999965336601141,0.9999666312586496
wgt_pdf_2rms_up,1.004089824870377,1.0042636972955483,1.0044833003668625,1.0048084955243932,1.005603861836036,1.013600909198242,1.0135972286422237,1.0135668517221,1.0136380126371922,1.015912449244497
wgt_qgl_wgt_up,1.012992198238946,1.0236168746169083,1.037261251408467,1.0374156913240726,1.0179721353937332,1.022985384803202,1.0149588210409035,1.0166393047644957,1.010989058064398,1.0041648585045777
wgt_THU_VBF_Mjj1000_up,1.0,1.0,1.0,1.0,1.0,0.9999335098156362,0.9999665990290176,1.0000040188579165,1.0000797586481902,1.000272163845637
wgt_pdf_2rms_down,0.9959101751296168,0.99573630270444,0.9955166996330694,0.9951915044756257,0.9943961381639786,0.9863990908017736,0.9864027713577438,0.9864331482780504,0.9863619873627602,0.9840875507554542
wgt_THU_VBF_PTH200_down,1.0,1.0,1.0,1.0,1.0,0.9999641780677028,0.9999838030915902,0.9999934844497133,0.9999958966687936,0.99998309007872
wgt_muID_down,0.9960647722908976,0.9960779661181298,0.9960830488578016,0.9960854282107148,0.9960858248298166,0.9960849152420934,0.9960720443165618,0.996090891245512,0.9960915055801232,0.9960866359419374
wgt_THU_VBF_Mjj700_up,1.0,1.0,1.0,1.0,1.0,0.9995304407627114,0.9998087944647676,0.9998237591633166,0.9998063386970706,1.0000897232332264
wgt_LHERen_down,1.1798451274588415,1.1928633742084993,1.211270905004421,1.2379342661621642,1.2518138850625369,0.9884097166589344,0.9895486163121754,0.9926434026858156,0.9971492149139176,1.0053391455907588
wgt_muTrig_up,1.0000250906157508,1.000022199240456,1.0000202202326431,1.000025692655038,1.0000252154049505,1.0000372972190887,1.000037661798029,1.0000359161088086,1.0000361256398995,1.0000349095268932
wgt_LHERen_up,0.857642118719673,0.8504583137451758,0.8403003828090806,0.8255867046403903,0.8179274594064259,1.0093244659703733,1.0084083251191356,1.0059189254194427,1.0022945266870045,0.9957065016026252
wgt_qgl_wgt_down,0.9973936407407578,1.0003772534786426,1.0015300176620323,1.0066448594179411,1.0042901525073242,0.9965981096408566,0.9996085133038172,0.998740373831382,1.0008976723984366,1.00089165636556
wgt_THU_VBF_Mjj60_up,1.0,1.0,1.0,1.0,1.0,1.0015616851092466,0.9997130498921588,0.9978998992316692,0.9973762125670304,0.9965876561790202
wgt_THU_VBF_Mjj700_down,1.0,1.0,1.0,1.0,1.0,1.0004695592372814,1.00019120553522,1.0001762408366772,1.0001936613029312,0.9999102767667752
wgt_l1prefiring_up,0.9977792893971804,0.9977765074666332,0.9975610113289476,0.9962818440031574,0.994433320494082,0.9949129472003748,0.9962242385208384,0.9961595547710244,0.994979729526438,0.992527625165618
wgt_THU_VBF_Mjj350_down,1.0,1.0,1.0,1.0,1.0,1.003125998582835,1.0022164409159378,1.002282351939622,1.002236283751178,1.0003282615583469
wgt_LHEFac_up,1.0291014100932172,1.0272140822056384,1.0216974116217734,1.0073247804423953,0.9922231842206086,1.008187546761276,1.0095672277226344,1.0084780322922764,1.0061461684118405,0.9991826619196332
wgt_THU_VBF_JET01_down,1.0,1.0,1.0,1.0,1.0,1.0018107127051168,1.0043758120090216,1.0035888537692428,1.0024718450801535,1.0035021792391223
wgt_muID_up,1.0039445010243502,1.0039312615362683,1.0039261694105466,1.0039237856674494,1.003923384897433,1.003924266787008,1.00393717641347,1.003918280398421,1.0039176694792844,1.0039225592598102
wgt_THU_VBF_Mjj350_up,1.0,1.0,1.0,1.0,1.0,0.9968740014171592,0.9977835590840382,0.9977176480603842,0.9977637162488012,0.9996717384416411
wgt_THU_VBF_Yield_down,0.996201195829924,0.9962011958298984,0.9962011958299016,0.9962011958299386,0.9962011958299348,0.9962006603495156,0.9962007353415748,0.9962010320341866,0.9962014714038384,0.996201785472726
wgt_THU_VBF_Yield_up,1.0037988041700572,1.0037988041700707,1.003798804170042,1.0037988041700796,1.0037988041700778,1.0037993396504543,1.003799264658397,1.0037989679659056,1.0037985285961168,1.0037982145271855
wgt_THU_VBF_Mjj60_down,1.0,1.0,1.0,1.0,1.0,0.9984383148907344,1.0002869501078242,1.00210010076829,1.0026237874329482,1.0034123438209848
wgt_LHEFac_down,0.9646497223222458,0.9660845215311444,0.9716133555657084,0.9876120982641748,1.005596853302256,0.9948367876701596,0.9931446025016054,0.9953277976769026,0.999073605624332,1.0068897280093083
wgt_muIso_up,1.0078060206847883,1.007826914730195,1.007807004472119,1.0078578584739404,1.0078406106974012,1.0078898398456435,1.007939376681135,1.0078566180602766,1.0078805371722368,1.0078686848887817
wgt_THU_VBF_PTH200_up,1.0,1.0,1.0,1.0,1.0,1.0000358219322851,1.0000161969083967,1.0000065155502926,1.0000041033312,1.0000169099212954
RelativeBal_up,1.0003748916963848,1.0016979357345015,0.9997484969063544,0.9920990452485804,0.9973012595064076,1.0004146309952913,1.0023685064887558,1.0005646715361445,0.996574892643441,1.0005724057209469
HF_up,0.9989994262803992,0.9976726928697774,1.0009988360888715,1.0086993611864077,1.0052190361422029,0.9960199623171242,0.994422484467448,0.9987245480884136,1.004282321907593,1.0056262289346012
HF_2016_up,0.9999565580673891,0.999865610928743,1.0000690639318564,1.0004102534734014,1.0001826425015208,0.999803571779663,0.9996928871499774,0.999900810697781,1.0002763388287552,1.000324060279286
Absolute_2017_up,0.9996595598417228,0.999547622969537,1.0001018027739883,1.003059494245495,1.000513583835727,0.9999512084830884,0.9986719223044768,0.9995121698988164,1.0013767488355616,1.000912227150457
BBEC1_2017_up,0.9999542195860542,1.0000071854855364,1.000017374739224,1.0003453481873328,0.999170923666072,1.0003776874262902,0.9998668739542764,0.9999570349538502,1.0001049032924112,0.9999359899345508
EC2_2016_up,0.9998525675130916,0.9997467923090508,1.00014595516461,1.0008783464779436,1.0006417498078313,0.9998244255907782,0.9995928114612268,0.9999432088963182,1.0002759867580484,1.0003013067378974
HF_2018_up,0.9998467849594196,0.9997221732828376,1.000137028703615,1.001085606270688,1.0006282297768068,0.9995329783041804,0.9992339710326448,0.9998263319384164,1.000546287404643,1.0007919252125972
RelativeSample_2018_up,0.9998648528412316,1.0012302246125389,1.0002430935528277,0.9934369441964416,0.9986195731543036,0.9979164961487196,1.0019219408183275,1.0009946524007376,0.997145651455588,1.0001671539629358
EC2_2018_up,0.9998459642321196,0.9997279676592604,1.0000784406565275,1.0015958880878049,1.0000488671161565,1.000202732113633,0.9993470320609986,0.9997943166454314,1.000701292949963,1.0001993766327295
EC2_up,0.9993920254955038,0.9987012686524224,1.0007592786212718,1.0041770557062215,1.0020724167291526,0.9982677207597302,0.997974264955572,0.999768576061166,1.0018768802731115,1.001013244828628
BBEC1_up,1.000299111874379,1.0006629166663947,0.9991562968118984,1.0010929191059497,0.9974283378549398,1.0012690733453928,0.9998906284196992,0.9998237660985108,1.0002841289820514,0.9996004783779594
HF_2017_up,0.9999016049109108,0.9997754603222055,1.0000877635537868,1.000807067769843,1.0007770808834442,0.9996975604945972,0.9993452943399836,0.9999569822532708,1.0002662558818851,1.0006164943122815
RelativeSample_2016_up,1.0003957241621624,1.0005703093532696,0.9994657661783358,0.9988422731814288,0.9988370293662602,1.0014427388343683,1.0008181245003678,0.9997747396003194,0.99951546365239,0.9997649439340192
BBEC1_2016_up,1.000005137915526,0.9999656283753208,0.9999790329418048,1.0003401862760013,0.9997981974057972,1.0001279430527197,0.999909936981641,0.999913297429292,1.0001657634717784,1.000048594756267
Absolute_2018_up,1.0001881942211488,1.0004523106540328,0.99933089018445,1.0012225769050929,0.9986725123479188,1.002484540341615,0.9997350525927436,0.9992463407997022,1.00059182220854,1.0004368132961965
Absolute_2016_up,1.000048803595739,0.999920097895781,0.9998689344605464,1.0009481570678078,1.000004438001398,1.0007410488330926,0.9996075705498588,0.9996832464980322,1.000383807437138,1.0004471527374763
EC2_2017_up,0.9996717545542476,0.9992866104749027,1.0004048285597291,1.00226834277905,1.001354338225207,1.00003060383588,0.9992575318793512,0.9996411123531664,1.0012197543857777,1.0000639365753186
BBEC1_2018_up,0.9999530055317616,0.9999919252434272,1.0000027899273922,1.000323188248322,0.9997420533463688,1.000346593526181,0.9999462576454898,0.99981621673836,1.000212173661499,1.0001196365049192
FlavorQCD_up,1.001006810522154,1.0007860883693789,0.997340497031976,1.0076286996456618,0.998228505306779,1.0060816158763266,0.9962174892440552,0.9973079866667494,1.0036974705821768,1.0037590883270129
RelativeSample_2017_up,1.0006018867564943,1.0010908555794662,0.9994321434749244,0.9958609670543748,0.9976828340850687,1.001533070505753,1.0023080676044387,1.000122532284525,0.9980577149358124,0.9991872335213172
Absolute_up,0.9989610256282782,0.9974265537468474,0.9996483493466832,1.01756894607338,1.0065806660834948,0.9960802702610754,0.9904248047344,0.996742302693314,1.0091270788479252,1.0087493234834684
jer1_up,1.0004422327813172,1.000318660836595,0.9994933416157196,0.99978287798882,0.998710515043292,1.0027523097450206,1.0004765324675675,0.9996518529490124,0.999815268868892,0.9994256838681445
jer2_up,0.9999837140930412,0.9999803315063996,1.0000721990485195,0.9999664420400296,0.9993509745959068,1.0011364084516816,1.0000326276659748,1.0000512535237631,0.9996605756073618,0.9997624275440422
jer3_up,0.9998466014059364,0.9998304809330072,1.0001794804799404,1.0006692641740735,0.999491902533444,0.9999081474026404,0.9998618136797444,1.000062184999022,1.00001678568568,0.9999909851583576
jer4_up,1.0000847181507988,0.9999970531909228,1.0000152723878402,0.9998384721370508,0.9991082995185236,1.0008857787718386,1.000394433740572,1.0000393480334555,0.9996970745731912,0.9994574609452284
jer5_up,0.999684142572954,0.9993194009874752,1.000476538705489,1.0019653348072093,1.000337378733768,0.9987651344386804,0.9982461718802188,0.9997291185796536,1.0010982371427124,1.0017457710441071
jer6_up,1.0000271612328369,1.0000545707637656,1.000021317901162,0.9998831751476928,0.9987785108242488,1.0006584829273095,1.0005352782482266,1.0001683999191266,0.99968345638554,0.9990464977011494
RelativeBal_down,0.9990248983728068,0.9978468071000636,1.0007157012971235,1.0093474301188372,1.0052638870619413,0.9975489113774864,0.9941283026118408,0.9977178127796258,1.00503614544186,1.0070738778653363
HF_down,1.0008144746038543,1.0018540832312155,0.9992584671947194,0.9924997237405024,0.9963645515133612,1.0025074075722535,1.0034955509935608,1.0003438837361145,0.9965493855463472,0.9989696765041424
HF_2016_down,1.0000640836106502,1.0001395544401832,0.9999038038286172,0.9995842529882872,0.9999517732473456,1.0001408839402703,1.0002162954815548,1.0000370616343384,0.9997490724909718,0.9999523266174686
Absolute_2017_down,1.0001105412666784,1.0005795378427715,0.9998208082614805,0.9977323089135556,0.9996687278407326,0.9994825612625464,1.0009758916224452,1.0000161926105708,0.9992526500900042,1.0002224905864738
BBEC1_2017_down,0.999953389517808,1.000078572216886,0.9999823552767958,0.9996688728612684,1.000747665548248,0.999515662988913,1.0000360963869233,1.0000162742604244,0.9999747277920452,1.0001859083126146
EC2_2016_down,1.0001331391034418,1.0002708715125093,0.9998130612428968,0.9991311703756036,0.9999770882574308,1.0000721817023543,1.000286366064606,0.9999857848835444,0.9997194863998758,1.0001036074805485
HF_2018_down,1.0001134938584304,1.0002736601007638,0.9998617901287016,0.9990241523330168,0.9996666274324216,1.000386489694442,1.0003812125344036,1.0000813525241188,0.9995144970584204,0.9998653944943312
RelativeSample_2018_down,0.9996490864619556,0.9988283779922206,0.9997916307302817,1.0082351881039535,1.001472516808135,1.001682581423349,0.9954755755464167,0.9978130920405393,1.0042957148817242,1.004353740320158
EC2_2018_down,1.0000585388143564,1.0004081249446888,0.9998173239054196,0.9989638823964104,0.9993379503130042,1.0000802119130892,1.0000261663029175,1.0001503220386765,0.9995505684377574,1.000157172732611
EC2_down,1.0005077339034112,1.00089385221093,0.9994909797142736,0.9965463989568342,0.9988586895275864,1.0014656059928018,1.001343765965745,1.0000207469118991,0.99859557025337,0.9998062362706736
BBEC1_down,0.9994463179657824,0.999919102791221,1.0004300367914227,0.9994620103262748,1.002815882888373,0.9986125077489794,0.9999950709868138,1.000200848598728,0.9996987497022366,1.0005390126194889
HF_2017_down,1.0000710139435625,1.0002073470409292,0.999932723611812,0.999277368734734,0.9992423853531592,1.0002425031740323,1.000383267955906,1.000008940501934,0.9996844606138128,0.9998943962654646
RelativeSample_2016_down,0.9995320179040614,0.9993239464031132,1.000604479858031,1.0012254259286402,1.0023116767064204,0.9975490196281012,0.9982583325413832,0.9997355458755102,1.0010872728885831,1.0023249417086313
BBEC1_2016_down,1.000019410580746,1.0000225688477722,1.0000396826868825,0.999500939770177,1.000194872254789,0.99950189821735,1.0000408130508158,1.0001055428880483,0.9999181095561837,1.000006703459976
Absolute_2018_down,0.9995948546941944,0.9997786060653644,1.0006194202744705,0.999319281749812,1.00002333377261,0.9982769362641034,0.999415255352749,1.0005131356767205,0.9996414683160584,1.0005152888575852
Absolute_2016_down,0.9999730123995764,1.0001542429174322,1.0000287852401233,0.9990268373670425,1.0004449758585896,0.9987961208514664,1.0003645509434818,1.0001862495818177,0.999672651491438,1.0001144417237418
EC2_2017_down,1.0002364118030147,1.000575722145616,0.9997015386169044,0.9979055423333996,0.9995907318624154,1.0000274406825849,1.0007233106129063,1.000061837815305,0.9991882028835002,1.000201577361142
BBEC1_2018_down,0.9999935815884496,1.0000448250444378,0.9999939508412063,0.9998076185875324,1.0000917586150029,0.9996420106768436,0.9999386970421098,1.0001039289244755,0.9998492443272105,1.000161271445685
FlavorQCD_down,0.9985311530402354,0.9995743876737052,1.0024220453464543,0.9936672998245356,1.0028745460720814,0.9933654276831124,1.0006434951805443,1.0020353534491335,0.9968013344545928,1.001260900920865
RelativeSample_2017_down,0.9991950830982858,0.9986308741146688,1.0006451413837183,1.0056785739601943,1.0033171397494125,0.9977504016373264,0.9962192853293828,0.9991386379377316,1.003130049896687,1.0032443875548054
Absolute_down,1.000248559467484,1.0024091859250912,1.000376898336642,0.9855096405952884,0.9969758428100068,1.0002931516781048,1.0059461199444804,1.0014113998720604,0.99328094429953,0.99900743952963
jer1_down,0.999464135909301,1.0002532794543588,1.000001700035376,1.0006511599620034,1.0014650119359283,0.9973417661703204,0.9994729525463092,1.000190052805625,1.0005100693976603,1.0005681753689033
jer2_down,0.9999774011421227,1.0001101965939518,0.9997763477595766,1.0006365236025987,1.000657240553218,0.999100460780808,0.9997185329176176,0.999841217138982,1.000291741206598,1.0007935636919845
jer3_down,1.0001028177091456,1.000192588383724,0.9996865660542056,1.0001649300624051,1.0006963487365443,0.999543167518334,0.9997901891904762,0.9995961159428712,1.0002392365834865,1.0013031363067777
jer4_down,0.999964642240262,0.9999845772038451,1.0000185930812404,0.9999990334807825,1.0003910901519286,0.999611778959926,0.99957138084323,1.0001262813612837,0.9999589862710369,1.000359997784694
jer5_down,1.00019501629073,1.00041005404239,0.99956272837925,0.9994941278828576,1.000336013523779,0.999277703003642,0.9999046843407616,0.9992629322611384,1.0000728203737603,1.002543587668135
jer6_down,1.000000620844497,0.9999913047139446,1.0000090623502134,0.9998127393066631,1.0005266795982175,0.9995588808054628,0.9998556305727876,0.999931486863835,1.0001326633209071,1.0003840835877698
